idx,smiles,steer_query
steer_1A,CCN1CCCC[C@@H]1COC2=CC=C3CN(C4CCC(=O)NC4=O)C(=O)C3=C2,"Closing the piperidine and oxoisoindolinone rings in the synthesis. Get the piperidine-2,6-dione ring from commercially available materials."
steer_1B,CCN1CCCC[C@@H]1COC2=CC=C3CN(C4CCC(=O)NC4=O)C(=O)C3=C2,"Closing the piperidine-2,6-dione and oxoisoindolinone rings in the retrosynthesis. Get the other piperidine ring from commercially available materials."
steer_1C,CCN1CCCC[C@@H]1COC2=CC=C3CN(C4CCC(=O)NC4=O)C(=O)C3=C2,"Closing only oxoisoindolinone ring in synthesis. Get piperidine-2,6-dione and piperidine rings from commercially available materials."
steer_2A,CC1=NC2=C(C=C1F)N(CC(=O)NCC(C(=O)O)NC(=O)C3=C(C(=CC=C3Cl)C)F)C(=O)N2,"No ring formation reaction."
steer_2B,CC1=NC2=C(C=C1F)N(CC(=O)NCC(C(=O)O)NC(=O)C3=C(C(=CC=C3Cl)C)F)C(=O)N2,"Late imidazole ring closing."
steer_2C,CC1=NC2=C(C=C1F)N(CC(=O)NCC(C(=O)O)NC(=O)C3=C(C(=CC=C3Cl)C)F)C(=O)N2,"Early imidazole ring closing."
steer_3A,C=CCN1C(=O)C2=C(N=C(N=C2)NC3=CC=C(C=C3)N4CCN(C)CC4)N1C5=CC=CC(=N5)C(C)(C)O,"Do not break any ring but get all rings from commercial materials."
steer_3B,C=CCN1C(=O)C2=C(N=C(N=C2)NC3=CC=C(C=C3)N4CCN(C)CC4)N1C5=CC=CC(=N5)C(C)(C)O,"Closing the pyrimidine ring in the early stage but get all other rings from commercially available materials."
steer_4A,Cc1sc2c(c1C)C(c1ccc(Cl)cc1)=N[C@@H](CC(=O)N1CCN(CC3CCN(C(=O)CN4CCC(Nc5cccc6c5cc(C#CCNc5ccc(P(C)(C)=O)cc5)n6CC(F)(F)F)CC4)CC3)CC1)c1nnc(C)n1-2,"Identify the disconnection strategy that will cut the molecule in two similarly sized intermediates. The disconnection should be made between two piperidine rings."
steer_4B,Cc1sc2c(c1C)C(c1ccc(Cl)cc1)=N[C@@H](CC(=O)N1CCN(CC3CCN(C(=O)CN4CCC(Nc5cccc6c5cc(C#CCNc5ccc(P(C)(C)=O)cc5)n6CC(F)(F)F)CC4)CC3)CC1)c1nnc(C)n1-2,"Identify the disconnection strategy where the key disconnection will be made between indole and amino-piperidine rings."
steer_4C,Cc1sc2c(c1C)C(c1ccc(Cl)cc1)=N[C@@H](CC(=O)N1CCN(CC3CCN(C(=O)CN4CCC(Nc5cccc6c5cc(C#CCNc5ccc(P(C)(C)=O)cc5)n6CC(F)(F)F)CC4)CC3)CC1)c1nnc(C)n1-2,"Identify the disconnection strategy that will cut the molecule in two similarly sized intermediates. The disconnection should be made between piperazine and piperidine rings."
steer_4D,Cc1sc2c(c1C)C(c1ccc(Cl)cc1)=N[C@@H](CC(=O)N1CCN(CC3CCN(C(=O)CN4CCC(Nc5cccc6c5cc(C#CCNc5ccc(P(C)(C)=O)cc5)n6CC(F)(F)F)CC4)CC3)CC1)c1nnc(C)n1-2,"Identify the disconnection strategy that will cut the molecule in two similarly sized intermediates. One intermediate will have piperidine, indole, and aniline rings. The other intermediate will have thiophenol, chlorobenzene, diazepine, triazole, piperazine, and the other piperidine rings."
steer_4E,Cc1sc2c(c1C)C(c1ccc(Cl)cc1)=N[C@@H](CC(=O)N1CCN(CC3CCN(C(=O)CN4CCC(Nc5cccc6c5cc(C#CCNc5ccc(P(C)(C)=O)cc5)n6CC(F)(F)F)CC4)CC3)CC1)c1nnc(C)n1-2,"Identify the disconnection strategy that will cut the molecule in two intermediates. The disconnection should be made between diazepine and piperazine rings."
synthelite_1A,Cc1c(CN(C(C)C)C2CCCCC2)nn(-c2ccc(Cl)cc2Cl)c1-c1ccc(Cl)cc1,"Late-stage pyrazole ring closing"
synthelite_1B,Cc1c(CN(C(C)C)C2CCCCC2)nn(-c2ccc(Cl)cc2Cl)c1-c1ccc(Cl)cc1,"Early-stage pyrazole ring closing"
synthelite_1C,Cc1c(CN(C(C)C)C2CCCCC2)nn(-c2ccc(Cl)cc2Cl)c1-c1ccc(Cl)cc1,"Pyrazole ring closing and then late stage suzuki coupling"
synthelite_1D,Cc1c(CN(C(C)C)C2CCCCC2)nn(-c2ccc(Cl)cc2Cl)c1-c1ccc(Cl)cc1,"Heterocycle formation, then amine coupling then Suzuki coupling"
synthelite_2A,COC(=O)c1c(-c2ccc(F)cc2)c(-c2ccncc2)c(NCCN2CCCCC2)n1C,"Reductive amination in the final three reactions"
synthelite_2B,COC(=O)c1c(-c2ccc(F)cc2)c(-c2ccncc2)c(NCCN2CCCCC2)n1C,"Suzuki coupling involving pyridine"
synthelite_2C,COC(=O)c1c(-c2ccc(F)cc2)c(-c2ccncc2)c(NCCN2CCCCC2)n1C,"Early stage pyrrole ring closing"
synthelite_2D,COC(=O)c1c(-c2ccc(F)cc2)c(-c2ccncc2)c(NCCN2CCCCC2)n1C,"Late stage fluorination"
synthelite_3A,CC(C)(C)NC(=O)N1CCN(C2c3ccc(Cl)cc3CCc3cc(Br)cnc32)CC1C(=O)NCc1cccnc1,"Late stage amide coupling involving piperazine"
synthelite_3B,CC(C)(C)NC(=O)N1CCN(C2c3ccc(Cl)cc3CCc3cc(Br)cnc32)CC1C(=O)NCc1cccnc1,"late stage piperazine formation through intramolecular cyclisation"
synthelite_3C,CC(C)(C)NC(=O)N1CCN(C2c3ccc(Cl)cc3CCc3cc(Br)cnc32)CC1C(=O)NCc1cccnc1,"Ensure a chlorobenzene fragment is preserved from the deepest starting material to the final product"
synthelite_4A,CN(C)C(=O)CN1C(=O)N(c2cccc(C(F)(F)F)c2)C2=C(C(=O)CC2)C1c1ccc(C#N)cc1S(C)(=O)=O,"Late stage aldol condensation"
synthelite_4B,CN(C)C(=O)CN1C(=O)N(c2cccc(C(F)(F)F)c2)C2=C(C(=O)CC2)C1c1ccc(C#N)cc1S(C)(=O)=O,"Late trifluromethylation"
synthelite_4C,CN(C)C(=O)CN1C(=O)N(c2cccc(C(F)(F)F)c2)C2=C(C(=O)CC2)C1c1ccc(C#N)cc1S(C)(=O)=O,"Preserve methylsulfonyl group in all steps"
synthelite_4D,CN(C)C(=O)CN1C(=O)N(c2cccc(C(F)(F)F)c2)C2=C(C(=O)CC2)C1c1ccc(C#N)cc1S(C)(=O)=O,"Final state introduction of methyl sulfonyl group"
synthelite_4E,CN(C)C(=O)CN1C(=O)N(c2cccc(C(F)(F)F)c2)C2=C(C(=O)CC2)C1c1ccc(C#N)cc1S(C)(=O)=O,"Heterocycle formation then SNAr reaction"
